noise_scale,epoch,train_loss,val_loss,lr,noise_condition_value_mean,mixture_noises
0.0,1,5.944687807737892,5.4422517504010886,9.961501876182148e-05,0.0,0.00
0.0,2,3.9492296318509688,3.7295433453151157,9.846666218300808e-05,0.0,0.00
0.0,3,3.127240348218092,3.4137938363211497,9.657457896300791e-05,0.0,0.00
0.0,4,2.809792952751046,3.0533013343811035,9.397114317029975e-05,0.0,0.00
0.0,5,2.5544459784208837,2.732977730887277,9.070090031310558e-05,0.0,0.00
0.0,6,2.366785492470015,2.5473436628069197,8.681980515339464e-05,0.0,0.00
0.0,7,2.179087535658879,2.4038652181625366,8.239426430539243e-05,0.0,0.00
0.0,8,1.9155880888896202,2.1540352446692332,7.75e-05,0.0,0.00
0.0,9,1.7586562277665778,2.083009260041373,7.222075445642904e-05,0.0,0.00
0.0,10,1.5894234820977966,1.9545949867793493,6.664685702961343e-05,0.0,0.00
0.0,11,1.4674066145028641,1.933379054069519,6.0873678649902325e-05,0.0,0.00
0.0,12,1.414438261914609,1.824032187461853,5.4999999999999995e-05,0.0,0.00
0.0,13,1.318685698865065,1.6668545348303658,4.912632135009767e-05,0.0,0.00
0.0,14,1.2458932399749756,1.6467518636158534,4.3353142970386564e-05,0.0,0.00
0.0,15,1.189675420077879,1.59349981376103,3.777924554357097e-05,0.0,0.00
0.0,16,1.1411208857351274,1.6246216637747628,3.250000000000001e-05,0.0,0.00
0.0,17,1.092661866501196,1.5427109513963972,2.7605735694607574e-05,0.0,0.00
0.0,18,1.065949518289139,1.518805946622576,2.3180194846605367e-05,0.0,0.00
0.0,19,1.051400963050216,1.5346582617078508,1.9299099686894426e-05,0.0,0.00
0.0,20,1.0213353117900108,1.4837875195911951,1.602885682970026e-05,0.0,0.00
0.0,21,1.0109669059070188,1.4700582027435303,1.3425421036992097e-05,0.0,0.00
0.0,22,0.9840328995861224,1.528478401047843,1.153333781699193e-05,0.0,0.00
0.0,23,0.974673324556493,1.4688678468976701,1.0384981238178534e-05,0.0,0.00
0.0,24,0.9584459137560716,1.456678867340088,1e-05,0.0,0.00
0.01,1,5.708089052741207,6.174718039376395,9.096201556432751e-05,0.10000002384185791,"0.00,0.01"
0.01,2,5.01945153279091,5.948518514633179,8.790011113116016e-05,0.10000002384185791,"0.00,0.01"
0.01,3,4.762134552001953,5.321790899549212,8.296782337417645e-05,0.10000002384185791,"0.00,0.01"
0.01,4,4.40139564827307,5.3112872668675015,7.641247779695158e-05,0.10000002384185791,"0.00,0.01"
0.01,5,4.255225505401839,5.218096426555088,6.856278679946691e-05,0.10000002384185791,"0.00,0.01"
0.01,6,4.243072025811494,5.192157915660313,5.981236666579142e-05,0.10000002384185791,"0.00,0.01"
0.01,7,4.1671407898860195,5.150403261184692,5.0600000000000003e-05,0.10000002384185791,"0.00,0.01"
0.01,8,4.08314176103962,5.20066009249006,4.1387633334208586e-05,0.10000002384185791,"0.00,0.01"
0.01,9,4.0046724810529115,5.064501081194196,3.26372132005331e-05,0.10000002384185791,"0.00,0.01"
0.01,10,3.9453193607615002,5.1146789618900845,2.478752220304844e-05,0.10000002384185791,"0.00,0.01"
0.01,11,3.9006282891800153,5.067072629928589,1.8232176625823584e-05,0.10000002384185791,"0.00,0.01"
0.01,12,3.772938457887564,5.081408943448748,1.3299888868839855e-05,0.10000002384185791,"0.00,0.01"
0.01,13,3.7195408024005037,5.076808520725796,1.02379844356725e-05,0.10000002384185791,"0.00,0.01"
0.01,14,3.6890530159224326,5.0633248261043,9.200000000000002e-06,0.10000002384185791,"0.00,0.01"
0.02,1,5.04034507452552,5.67678960164388,8.700714532240022e-05,0.20000004768371582,"0.00,0.01,0.02"
0.02,2,4.417160423240851,5.83451323282151,8.40783671689358e-05,0.20000004768371582,"0.00,0.01,0.02"
0.02,3,4.408581204675324,5.45157417796907,7.9360526705734e-05,0.20000004768371582,"0.00,0.01,0.02"
0.02,4,4.256719895263217,5.399665151323591,7.309019615360587e-05,0.20000004768371582,"0.00,0.01,0.02"
0.02,5,4.392635824668467,5.487413622084118,6.558179606905531e-05,0.20000004768371582,"0.00,0.01,0.02"
0.02,6,4.113957343409903,5.41862466221764,5.7211828984670065e-05,0.20000004768371582,"0.00,0.01,0.02"
0.02,7,4.019582532531587,5.330445982161022,4.840000000000001e-05,0.20000004768371582,"0.00,0.01,0.02"
0.02,8,3.769556160589949,5.332071996870495,3.9588171015329964e-05,0.20000004768371582,"0.00,0.01,0.02"
0.02,9,3.6554395167981806,5.332239968436105,3.121820393094471e-05,0.20000004768371582,"0.00,0.01,0.02"
0.02,10,3.563031204897373,5.308576651981899,2.370980384639416e-05,0.20000004768371582,"0.00,0.01,0.02"
0.02,11,3.418417508329325,5.172672839391799,1.7439473294266036e-05,0.20000004768371582,"0.00,0.01,0.02"
0.02,12,3.3368773282463873,5.228086630503337,1.2721632831064209e-05,0.20000004768371582,"0.00,0.01,0.02"
0.02,13,3.2697946088231027,5.18498732930138,9.792854677599783e-06,0.20000004768371582,"0.00,0.01,0.02"
0.02,14,3.202108828582574,5.1417769477480935,8.800000000000002e-06,0.20000004768371582,"0.00,0.01,0.02"
0.05,1,4.6922423270211295,5.828566040311541,8.107483995950929e-05,0.40000009536743164,"0.00,0.01,0.02,0.05"
0.05,2,4.240343506656476,5.87385128225599,7.834575122559926e-05,0.40000009536743164,"0.00,0.01,0.02,0.05"
0.05,3,4.2692135234377275,5.718364374978202,7.394958170307031e-05,0.40000009536743164,"0.00,0.01,0.02,0.05"
0.05,4,4.109000999536088,5.641070008277893,6.810677368858728e-05,0.40000009536743164,"0.00,0.01,0.02,0.05"
0.05,5,4.0393760666918395,5.749983617237636,6.11103099734379e-05,0.40000009536743164,"0.00,0.01,0.02,0.05"
0.05,6,3.747380002221065,5.391625182969229,5.3311022462988004e-05,0.40000009536743164,"0.00,0.01,0.02,0.05"
0.05,7,3.5265063812483604,5.499633857182094,4.5100000000000005e-05,0.40000009536743164,"0.00,0.01,0.02,0.05"
0.05,8,3.586431136771814,5.639234866414752,3.6888977537012006e-05,0.40000009536743164,"0.00,0.01,0.02,0.05"
0.05,9,3.3008406055507375,5.459694726126535,2.9089690026562113e-05,0.40000009536743164,"0.00,0.01,0.02,0.05"
0.05,10,3.187352322820407,5.468678559575762,2.209322631141274e-05,0.40000009536743164,"0.00,0.01,0.02,0.05"
0.05,11,3.082292401968543,5.538888829095023,1.6250418296929716e-05,0.40000009536743164,"0.00,0.01,0.02,0.05"
0.05,12,3.0114902168957154,5.589125343731472,1.185424877440074e-05,0.40000009536743164,"0.00,0.01,0.02,0.05"
0.05,13,2.958021316955339,5.497071623802185,9.125160040490705e-06,0.40000009536743164,"0.00,0.01,0.02,0.05"
0.05,14,2.911792623462962,5.457669700895037,8.200000000000001e-06,0.40000009536743164,"0.00,0.01,0.02,0.05"
